implementing_partners,implementing_partner_type,n
ACTED,INGO,18
Action Contre la Faim,INGO,242
Action for Green Earth,NNGO,206
Alinn LDO,NNGO,10
Ar Yone Oo Social Development Association,NNGO,256
Arkan Research and Watch,NNGO,6
AVSI,INGO,500
BRAC Myanmar,INGO,187
Center for Social Integrity (CSI),INGO,436
CESVI Foundation,INGO,255
Da-Nu National Affairs organization (DNAO),NNGO,276
Dai Fin  Social Services  (Daifin),NNGO,25
Danish Refugee Council,INGO,69
Ethinic Equality Initiative (EEI),NNGO,23
Finn Church Aid,INGO,3
Hakha Baptist Association (HBA),NNGO,1
Harmony Youth Association,NNGO,44
Health Poverty Action (HPA),INGO,11
Helen Keller International,INGO,7416
Helvetas,INGO,21
Hlaing Development Network,NNGO,28
Hlaingthayar Development Network,NNGO,30
Hlaingthayar Youth Network,NNGO,4
Indigenous People Partnership- IPP,NNGO,58
Kachin Baptist Convention,NNGO,27
Karen Youth Network (KYN),NNGO,2
Karuna Mission Social Solidarity,NNGO,998
Kaw Lah Foundation,NNGO,1
Kyal Sin May,NNGO,20
KyWO,NNGO,11
Mangrove Service Network (MSN),NNGO,16
Mercy Corps,INGO,89
Metta Development Foundation,NNGO,10
Mi Women and Child right organization,NNGO,49
MRCS,NNGO,87
Myanmar Heart Development Organization,NNGO,428
Neo Prospect Company Limited,other,32
Norwegian Refugee Council,INGO,44
Open Data Myanmar (ODM),NNGO,81
Pan Taing Shin,NNGO,8
People for People,NNGO,175
People Hope Community Development (PHCD),NNGO,35
People in Need (PIN),INGO,17
Phyu Sin Saydanar Action Group,NNGO,67
Plan International,INGO,78
Première Urgence Internationale (PUI),INGO,8
Pyo Development Organisation,NNGO,6
Ray of Lights,NNGO,9
Relief International,INGO,3
Save the Children,INGO,197
Sein Lei Ayeyar,NNGO,20
Serve the World,NNGO,1
Shan State Youth Capacity Building Centre (SSYCBC),NNGO,8
Single Touch Point Company Limited (STP),other,14
Solidarités International,INGO,41
Swan Saung Shin,NNGO,15
Together for Sustainable Development,NNGO,48
Urban Strength (US),NNGO,50
WFP,UN,1726
World Vision Myanmar,INGO,1478
Wunpawng Ninghtoi (WPN),NNGO,5
Zigway,NNGO,12
